Date,Open,High,Low,Close,Adj Close,Volume
2019-12-31,70.94999694824219,71.80000305175781,70.8499984741211,71.47000122070312,71.47000122070312,1056100
2020-01-02,72.0,72.45999908447266,71.12999725341797,71.88999938964844,71.88999938964844,1334800
2020-01-03,70.72000122070312,72.0999984741211,70.72000122070312,71.63999938964844,71.63999938964844,687100
2020-01-06,71.22000122070312,71.79000091552734,71.05000305175781,71.73999786376953,71.73999786376953,914800
2020-01-07,71.63999938964844,71.9000015258789,70.87000274658203,70.91000366210938,70.91000366210938,890600
2020-01-08,71.16999816894531,72.25,70.93000030517578,71.69000244140625,71.69000244140625,1391700
2020-01-09,72.20999908447266,72.44999694824219,71.7300033569336,71.9800033569336,71.9800033569336,1408400
2020-01-10,72.08999633789062,72.08999633789062,70.9800033569336,71.27999877929688,71.27999877929688,657600
2020-01-13,71.27999877929688,72.62999725341797,70.97000122070312,72.36000061035156,72.36000061035156,1798900
2020-01-14,72.16999816894531,72.88999938964844,71.5999984741211,72.54000091552734,72.54000091552734,1389800
2020-01-15,72.33000183105469,74.4800033569336,72.33000183105469,74.19999694824219,74.19999694824219,1931400
2020-01-16,74.20999908447266,74.69000244140625,73.63999938964844,74.66000366210938,74.66000366210938,1301500
2020-01-17,74.7699966430664,76.05999755859375,74.47000122070312,75.54000091552734,75.54000091552734,1231300
2020-01-21,75.19999694824219,75.37999725341797,74.05999755859375,74.91000366210938,74.91000366210938,1368000
2020-01-22,74.97000122070312,75.83999633789062,74.52999877929688,74.6500015258789,74.6500015258789,1278200
2020-01-23,74.47000122070312,74.73999786376953,73.87000274658203,74.3499984741211,74.3499984741211,891900
2020-01-24,74.6500015258789,74.6500015258789,71.69999694824219,72.0199966430664,72.0199966430664,1319000
2020-01-27,70.5999984741211,71.55999755859375,70.06999969482422,70.9000015258789,70.9000015258789,1264300
2020-01-28,71.25,72.30999755859375,70.79000091552734,72.01000213623047,72.01000213623047,942300
2020-01-29,71.51000213623047,71.93000030517578,70.2300033569336,70.56999969482422,70.56999969482422,2025300
2020-01-30,70.70999908447266,70.75,69.18000030517578,70.6500015258789,70.6500015258789,1876200
2020-01-31,70.41000366210938,70.52999877929688,68.01000213623047,68.16000366210938,68.16000366210938,1814700
2020-02-03,68.5999984741211,69.58000183105469,68.29000091552734,68.5999984741211,68.5999984741211,1626700
2020-02-04,69.83000183105469,71.36000061035156,69.06999969482422,70.98999786376953,70.98999786376953,2080800
2020-02-05,71.69999694824219,71.7699966430664,70.37999725341797,70.80999755859375,70.80999755859375,1170000
2020-02-06,71.18000030517578,72.4000015258789,70.69999694824219,72.25,72.25,1164300
2020-02-07,72.0999984741211,72.73999786376953,71.62000274658203,72.19000244140625,72.19000244140625,953400
2020-02-10,71.9800033569336,72.91999816894531,71.97000122070312,72.88999938964844,72.88999938964844,1323900
2020-02-11,73.01000213623047,74.02999877929688,72.97000122070312,73.11000061035156,73.11000061035156,833600
2020-02-12,73.44000244140625,74.23999786376953,73.2300033569336,74.0999984741211,74.0999984741211,765900
2020-02-13,73.5199966430664,74.12999725341797,73.12000274658203,73.1500015258789,73.1500015258789,853600
2020-02-14,73.37000274658203,74.18000030517578,72.93000030517578,74.0199966430664,74.0199966430664,965900
2020-02-18,73.72000122070312,74.91000366210938,73.51000213623047,74.12999725341797,74.12999725341797,1827700
2020-02-19,74.56999969482422,76.5999984741211,74.55999755859375,76.08000183105469,76.08000183105469,1491600
2020-02-20,76.05000305175781,76.05000305175781,74.27999877929688,75.66000366210938,75.66000366210938,1306000
2020-02-21,75.48999786376953,75.7699966430664,73.73999786376953,74.19000244140625,74.19000244140625,1466000
2020-02-24,71.3499984741211,72.2699966430664,68.1500015258789,68.26000213623047,68.26000213623047,4126600
2020-02-25,68.41999816894531,69.48999786376953,62.41999816894531,62.790000915527344,62.790000915527344,5181000
2020-02-26,63.369998931884766,64.62000274658203,59.04999923706055,60.7599983215332,60.7599983215332,6644800
2020-02-27,59.0,60.75,56.529998779296875,57.75,57.75,7752100
2020-02-28,57.5,64.31999969482422,55.77000045776367,60.77000045776367,60.77000045776367,10008500
2020-03-02,61.099998474121094,61.099998474121094,55.31999969482422,57.959999084472656,57.959999084472656,5761600
2020-03-03,57.959999084472656,61.630001068115234,55.2400016784668,57.61000061035156,57.61000061035156,7189900
2020-03-04,58.099998474121094,59.84000015258789,55.56999969482422,59.77000045776367,59.77000045776367,3712600
2020-03-05,57.529998779296875,57.97999954223633,54.25,55.45000076293945,55.45000076293945,7273600
2020-03-06,52.959999084472656,56.439998626708984,50.869998931884766,53.0,53.0,7839700
2020-03-09,48.290000915527344,50.22999954223633,46.0099983215332,47.2599983215332,47.2599983215332,7105200
2020-03-10,49.189998626708984,50.72999954223633,44.59000015258789,50.36000061035156,50.36000061035156,7168400
2020-03-11,48.02000045776367,48.34000015258789,40.900001525878906,42.0099983215332,42.0099983215332,9184500
2020-03-12,37.13999938964844,42.130001068115234,31.799999237060547,36.20000076293945,36.20000076293945,15789800
2020-03-13,42.08000183105469,43.630001068115234,37.77000045776367,42.849998474121094,42.849998474121094,9856000
2020-03-16,35.0,39.22999954223633,34.849998474121094,36.310001373291016,36.310001373291016,9548800
2020-03-17,37.0,37.5,32.11000061035156,33.91999816894531,33.91999816894531,7113900
2020-03-18,31.75,32.29999923706055,21.700000762939453,29.5,29.5,14709300
2020-03-19,29.030000686645508,37.33000183105469,27.510000228881836,32.91999816894531,32.91999816894531,10497700
2020-03-20,34.5,36.91999816894531,32.310001373291016,33.970001220703125,33.970001220703125,7341400
2020-03-23,33.56999969482422,39.310001373291016,33.0,37.33000183105469,37.33000183105469,6333400
2020-03-24,41.2400016784668,43.4900016784668,40.529998779296875,42.939998626708984,42.939998626708984,6404900
2020-03-25,44.02000045776367,46.63999938964844,40.58000183105469,45.900001525878906,45.900001525878906,7807500
2020-03-26,46.0,46.77000045776367,43.619998931884766,45.939998626708984,45.939998626708984,7112100
2020-03-27,43.849998474121094,48.650001525878906,42.7400016784668,47.150001525878906,47.150001525878906,12341800
2020-03-30,44.97999954223633,46.41999816894531,44.11000061035156,45.22999954223633,45.22999954223633,9283300
2020-03-31,44.43000030517578,47.619998931884766,43.27000045776367,45.459999084472656,45.459999084472656,7536600
2020-04-01,42.290000915527344,43.56999969482422,37.7599983215332,38.880001068115234,38.880001068115234,11750100
2020-04-02,37.95000076293945,38.77000045776367,33.33000183105469,33.95000076293945,33.95000076293945,6116000
2020-04-03,33.70000076293945,34.099998474121094,28.5,33.56999969482422,33.56999969482422,10848800
2020-04-06,36.810001373291016,38.15999984741211,33.04999923706055,34.5099983215332,34.5099983215332,7803800
2020-04-07,37.16999816894531,39.810001373291016,35.959999084472656,37.849998474121094,37.849998474121094,8619800
2020-04-08,38.13999938964844,39.45000076293945,36.720001220703125,37.7599983215332,37.7599983215332,5020100
2020-04-09,40.84000015258789,40.880001068115234,37.86000061035156,38.27000045776367,38.27000045776367,6288300
2020-04-13,38.54999923706055,40.02000045776367,36.13999938964844,39.40999984741211,39.40999984741211,6211300
2020-04-14,39.66999816894531,42.41999816894531,39.66999816894531,41.959999084472656,41.959999084472656,6017900
2020-04-15,39.349998474121094,40.630001068115234,37.9900016784668,38.470001220703125,38.470001220703125,4396600
2020-04-16,37.75,37.970001220703125,35.79999923706055,36.400001525878906,36.400001525878906,7796100
2020-04-17,40.86000061035156,40.869998931884766,37.02000045776367,38.349998474121094,38.349998474121094,7748200
2020-04-20,37.15999984741211,38.66999816894531,36.16999816894531,36.65999984741211,36.65999984741211,3326200
2020-04-21,36.0,37.439998626708984,35.25,36.470001220703125,36.470001220703125,3746200
2020-04-22,37.22999954223633,37.47999954223633,36.11000061035156,36.349998474121094,36.349998474121094,2811100
2020-04-23,36.5099983215332,41.45000076293945,36.470001220703125,39.45000076293945,39.45000076293945,9664300
2020-04-24,39.439998626708984,40.119998931884766,37.86000061035156,38.2400016784668,38.2400016784668,5685700
2020-04-27,39.45000076293945,43.11000061035156,38.650001525878906,42.0099983215332,42.0099983215332,8553700
2020-04-28,44.130001068115234,44.560001373291016,42.11000061035156,43.63999938964844,43.63999938964844,6480200
2020-04-29,46.29999923706055,47.560001373291016,45.540000915527344,46.529998779296875,46.529998779296875,6985000
2020-04-30,45.47999954223633,46.130001068115234,44.04999923706055,44.869998931884766,44.869998931884766,3126600
2020-05-01,43.5,44.11000061035156,40.439998626708984,41.16999816894531,41.16999816894531,3400300
2020-05-04,39.56999969482422,42.0,38.540000915527344,41.83000183105469,41.83000183105469,3282000
2020-05-05,42.189998626708984,42.439998626708984,39.75,40.25,40.25,3305700
2020-05-06,40.68000030517578,40.689998626708984,38.209999084472656,38.4900016784668,38.4900016784668,5069600
2020-05-07,39.29999923706055,40.61000061035156,38.65999984741211,39.369998931884766,39.369998931884766,12349700
2020-05-08,41.06999969482422,42.45000076293945,39.369998931884766,41.959999084472656,41.959999084472656,10711300
2020-05-11,41.0,42.040000915527344,39.34000015258789,40.59000015258789,40.59000015258789,3494600
2020-05-12,40.77000045776367,41.34000015258789,38.0099983215332,38.15999984741211,38.15999984741211,6862500
2020-05-13,38.0,38.560001373291016,36.470001220703125,37.45000076293945,37.45000076293945,4974400
2020-05-14,36.4900016784668,39.290000915527344,36.0099983215332,39.189998626708984,39.189998626708984,5668700
2020-05-15,38.900001525878906,40.08000183105469,38.59000015258789,40.060001373291016,40.060001373291016,3000700
2020-05-18,43.880001068115234,47.40999984741211,43.79999923706055,46.150001525878906,46.150001525878906,9009900
2020-05-19,46.119998931884766,47.400001525878906,44.77000045776367,44.869998931884766,44.869998931884766,3142100
2020-05-20,45.619998931884766,47.86000061035156,45.400001525878906,47.72999954223633,47.72999954223633,3922200
2020-05-21,47.40999984741211,48.43000030517578,44.689998626708984,45.529998779296875,45.529998779296875,3352000
2020-05-22,45.7400016784668,46.529998779296875,45.16999816894531,46.4900016784668,46.4900016784668,1860500
2020-05-26,50.150001525878906,51.130001068115234,49.060001373291016,49.689998626708984,49.689998626708984,5416300
2020-05-27,51.13999938964844,52.15999984741211,49.22999954223633,51.70000076293945,51.70000076293945,4472300
2020-05-28,52.220001220703125,52.36000061035156,48.470001220703125,49.0099983215332,49.0099983215332,4001800
2020-05-29,48.33000183105469,49.599998474121094,47.70000076293945,49.15999984741211,49.15999984741211,3663500
2020-06-01,48.88999938964844,51.029998779296875,48.58000183105469,50.65999984741211,50.65999984741211,2703200
2020-06-02,51.86000061035156,52.81999969482422,49.970001220703125,50.529998779296875,50.529998779296875,4273700
2020-06-03,51.380001068115234,56.119998931884766,51.380001068115234,53.90999984741211,53.90999984741211,5729200
2020-06-04,54.150001525878906,55.88999938964844,52.61000061035156,53.470001220703125,53.470001220703125,3834800
2020-06-05,55.5,58.34000015258789,55.2400016784668,56.959999084472656,56.959999084472656,6009700
2020-06-08,58.27000045776367,59.70000076293945,56.029998779296875,57.09000015258789,57.09000015258789,4609000
2020-06-09,55.810001373291016,55.88999938964844,53.33000183105469,53.41999816894531,53.41999816894531,3062500
2020-06-10,54.040000915527344,54.040000915527344,50.61000061035156,52.47999954223633,52.47999954223633,3367200
2020-06-11,48.11000061035156,49.16999816894531,47.0,47.7400016784668,47.7400016784668,5178900
2020-06-12,50.0,51.09000015258789,48.0,49.119998931884766,49.119998931884766,2713700
2020-06-15,47.0099983215332,49.7400016784668,46.47999954223633,49.400001525878906,49.400001525878906,2240500
2020-06-16,50.86000061035156,51.439998626708984,48.11000061035156,49.20000076293945,49.20000076293945,2945100
2020-06-17,50.0,50.0,47.939998626708984,48.0,48.0,2163700
2020-06-18,48.0,48.56999969482422,47.54999923706055,48.31999969482422,48.31999969482422,2670800
2020-06-19,49.279998779296875,49.81999969482422,45.869998931884766,46.5099983215332,46.5099983215332,4052600
2020-06-22,46.54999923706055,46.61000061035156,44.65999984741211,45.779998779296875,45.779998779296875,4073200
2020-06-23,46.5,47.59000015258789,45.70000076293945,46.880001068115234,46.880001068115234,2642300
2020-06-24,45.880001068115234,46.25,42.81999969482422,44.18000030517578,44.18000030517578,5341000
2020-06-25,43.41999816894531,44.58000183105469,43.15999984741211,44.16999816894531,44.16999816894531,2770500
2020-06-26,44.0,44.34000015258789,42.369998931884766,42.619998931884766,42.619998931884766,3732000
2020-06-29,42.779998779296875,44.9900016784668,42.209999084472656,44.290000915527344,44.290000915527344,3925400
2020-06-30,44.310001373291016,44.689998626708984,43.27000045776367,44.33000183105469,44.33000183105469,2100400
2020-07-01,44.86000061035156,47.95000076293945,44.79999923706055,46.02000045776367,46.02000045776367,3014300
2020-07-02,46.900001525878906,47.36000061035156,45.119998931884766,45.36000061035156,45.36000061035156,1748800
2020-07-06,46.790000915527344,46.790000915527344,44.59000015258789,45.459999084472656,45.459999084472656,2922800
2020-07-07,45.130001068115234,45.38999938964844,44.290000915527344,45.040000915527344,45.040000915527344,2373400
2020-07-08,44.91999816894531,46.40999984741211,44.70000076293945,46.060001373291016,46.060001373291016,3223200
2020-07-09,46.150001525878906,46.2400016784668,43.459999084472656,45.04999923706055,45.04999923706055,3081700
2020-07-10,44.900001525878906,46.84000015258789,44.68000030517578,46.439998626708984,46.439998626708984,3386400
2020-07-13,46.86000061035156,47.22999954223633,45.27000045776367,45.65999984741211,45.65999984741211,3059200
2020-07-14,45.650001525878906,47.20000076293945,44.91999816894531,46.40999984741211,46.40999984741211,2541800
2020-07-15,48.72999954223633,52.09000015258789,48.43000030517578,51.84000015258789,51.84000015258789,5627200
2020-07-16,50.70000076293945,51.779998779296875,49.86000061035156,50.849998474121094,50.849998474121094,3358700
2020-07-17,50.849998474121094,51.2599983215332,49.959999084472656,51.040000915527344,51.040000915527344,2161000
2020-07-20,50.61000061035156,51.77000045776367,48.599998474121094,49.209999084472656,49.209999084472656,2487900
2020-07-21,49.52000045776367,50.459999084472656,48.97999954223633,49.18000030517578,49.18000030517578,1764600
2020-07-22,48.790000915527344,49.790000915527344,48.5099983215332,48.9900016784668,48.9900016784668,1614300
2020-07-23,48.560001373291016,48.97999954223633,47.31999969482422,48.0,48.0,2054400
2020-07-24,47.939998626708984,48.599998474121094,47.15999984741211,47.91999816894531,47.91999816894531,1142400
2020-07-27,47.849998474121094,47.880001068115234,46.5,47.34000015258789,47.34000015258789,1896900
2020-07-28,47.08000183105469,47.869998931884766,46.7400016784668,47.290000915527344,47.290000915527344,1786700
2020-07-29,47.189998626708984,47.66999816894531,46.279998779296875,46.939998626708984,46.939998626708984,1447900
2020-07-30,46.310001373291016,46.630001068115234,45.81999969482422,46.470001220703125,46.470001220703125,1540100
2020-07-31,46.65999984741211,47.290000915527344,45.41999816894531,46.810001373291016,46.810001373291016,1606500
2020-08-03,46.68000030517578,47.040000915527344,44.95000076293945,46.66999816894531,46.66999816894531,1661900
2020-08-04,46.619998931884766,48.9900016784668,46.439998626708984,47.7599983215332,47.7599983215332,1965200
2020-08-05,48.5,48.599998474121094,47.040000915527344,47.63999938964844,47.63999938964844,2078300
2020-08-06,47.11000061035156,47.5,45.56999969482422,47.470001220703125,47.470001220703125,4398200
2020-08-07,47.11000061035156,47.97999954223633,46.439998626708984,47.650001525878906,47.650001525878906,2237300
2020-08-10,48.0099983215332,52.09000015258789,48.0099983215332,50.79999923706055,50.79999923706055,3381000
2020-08-11,52.13999938964844,53.04999923706055,51.29999923706055,51.689998626708984,51.689998626708984,3263300
2020-08-12,52.40999984741211,52.5,50.75,51.349998474121094,51.349998474121094,1181100
2020-08-13,50.97999954223633,52.02000045776367,50.880001068115234,51.29999923706055,51.29999923706055,1302000
2020-08-14,50.619998931884766,51.939998626708984,50.599998474121094,51.47999954223633,51.47999954223633,1120900
2020-08-17,51.65999984741211,51.65999984741211,49.650001525878906,50.88999938964844,50.88999938964844,2395900
2020-08-18,50.79999923706055,51.02000045776367,49.79999923706055,50.31999969482422,50.31999969482422,1195300
2020-08-19,50.619998931884766,52.0,50.439998626708984,51.560001373291016,51.560001373291016,1774600
2020-08-20,50.75,51.7599983215332,50.5,51.54999923706055,51.54999923706055,1501000
2020-08-21,51.47999954223633,52.63999938964844,51.02000045776367,51.119998931884766,51.119998931884766,1524900
2020-08-24,51.38999938964844,54.119998931884766,51.11000061035156,54.09000015258789,54.09000015258789,2363700
2020-08-25,54.15999984741211,54.720001220703125,52.970001220703125,53.68000030517578,53.68000030517578,2291300
2020-08-26,53.459999084472656,53.7400016784668,52.18000030517578,52.63999938964844,52.63999938964844,1889900
2020-08-27,53.369998931884766,58.5,53.02000045776367,57.2599983215332,57.2599983215332,6403100
2020-08-28,57.40999984741211,59.029998779296875,57.02000045776367,58.709999084472656,58.709999084472656,3098100
2020-08-31,58.72999954223633,58.72999954223633,56.65999984741211,56.79999923706055,56.79999923706055,2263600
2020-09-01,56.11000061035156,58.0,55.849998474121094,57.20000076293945,57.20000076293945,1845700
2020-09-02,56.65999984741211,57.939998626708984,56.45000076293945,57.900001525878906,57.900001525878906,1779000
2020-09-03,58.0,59.47999954223633,55.380001068115234,56.099998474121094,56.099998474121094,2563200
2020-09-04,56.9900016784668,58.29999923706055,56.029998779296875,57.58000183105469,57.58000183105469,3629900
2020-09-08,56.029998779296875,58.529998779296875,55.66999816894531,57.810001373291016,57.810001373291016,2403600
2020-09-09,58.0,58.130001068115234,56.04999923706055,57.2400016784668,57.2400016784668,2774300
2020-09-10,57.529998779296875,59.310001373291016,56.7400016784668,56.93000030517578,56.93000030517578,2619500
2020-09-11,56.9900016784668,57.43000030517578,56.369998931884766,57.13999938964844,57.13999938964844,1304000
2020-09-14,57.70000076293945,58.869998931884766,57.0,58.65999984741211,58.65999984741211,1498700
2020-09-15,58.65999984741211,59.060001373291016,57.83000183105469,58.849998474121094,58.849998474121094,2074600
2020-09-16,58.91999816894531,60.66999816894531,58.689998626708984,59.970001220703125,59.970001220703125,2756800
2020-09-17,59.38999938964844,60.2400016784668,57.90999984741211,58.560001373291016,58.560001373291016,1534700
2020-09-18,58.41999816894531,58.7599983215332,56.5099983215332,56.9900016784668,56.9900016784668,2911400
2020-09-21,55.5,55.7599983215332,52.5099983215332,53.15999984741211,53.15999984741211,4599200
2020-09-22,53.540000915527344,54.08000183105469,52.279998779296875,53.11000061035156,53.11000061035156,2077300
2020-09-23,53.630001068115234,54.13999938964844,51.29999923706055,51.34000015258789,51.34000015258789,2379800
2020-09-24,50.779998779296875,52.18000030517578,50.119998931884766,50.90999984741211,50.90999984741211,2202000
2020-09-25,50.790000915527344,53.58000183105469,50.779998779296875,53.2400016784668,53.2400016784668,1743900
2020-09-28,54.189998626708984,55.09000015258789,53.29999923706055,54.40999984741211,54.40999984741211,1531700
2020-09-29,54.16999816894531,54.31999969482422,53.0,53.290000915527344,53.290000915527344,1456300
2020-09-30,53.619998931884766,55.5,53.45000076293945,53.880001068115234,53.880001068115234,1611800
2020-10-01,54.369998931884766,54.58000183105469,52.93000030517578,53.7400016784668,53.7400016784668,1286000
2020-10-02,52.2400016784668,55.25,52.119998931884766,54.72999954223633,54.72999954223633,1358900
2020-10-05,55.279998779296875,55.52000045776367,53.93000030517578,54.560001373291016,54.560001373291016,1814600
2020-10-06,55.0099983215332,56.68000030517578,53.79999923706055,54.209999084472656,54.209999084472656,1942800
2020-10-07,55.22999954223633,55.970001220703125,54.43000030517578,54.81999969482422,54.81999969482422,1174600
2020-10-08,55.25,56.380001068115234,54.63999938964844,56.27000045776367,56.27000045776367,1525300
2020-10-09,56.95000076293945,57.97999954223633,56.7599983215332,56.83000183105469,56.83000183105469,1584200
2020-10-12,56.130001068115234,56.369998931884766,54.689998626708984,55.84000015258789,55.84000015258789,1142900
2020-10-13,55.84000015258789,55.84000015258789,54.619998931884766,54.689998626708984,54.689998626708984,1122000
2020-10-14,54.5,55.41999816894531,54.150001525878906,54.36000061035156,54.36000061035156,975100
2020-10-15,53.66999816894531,54.599998474121094,52.5,54.369998931884766,54.369998931884766,1574900
2020-10-16,54.66999816894531,55.540000915527344,54.189998626708984,54.599998474121094,54.599998474121094,1201700
2020-10-19,55.16999816894531,55.95000076293945,53.7599983215332,53.970001220703125,53.970001220703125,1537000
2020-10-20,54.59000015258789,56.40999984741211,54.2599983215332,55.63999938964844,55.63999938964844,1991600
2020-10-21,55.06999969482422,55.689998626708984,54.25,55.290000915527344,55.290000915527344,1195400
2020-10-22,55.810001373291016,57.09000015258789,55.599998474121094,56.83000183105469,56.83000183105469,1569200
2020-10-23,57.189998626708984,57.7400016784668,56.0099983215332,57.15999984741211,57.15999984741211,1596000
2020-10-26,55.95000076293945,56.43000030517578,52.90999984741211,54.529998779296875,54.529998779296875,1958600
2020-10-27,53.77000045776367,53.90999984741211,51.81999969482422,51.849998474121094,51.849998474121094,2242100
2020-10-28,50.65999984741211,50.65999984741211,48.90999984741211,49.400001525878906,49.400001525878906,3433500
2020-10-29,49.06999969482422,50.0,48.529998779296875,49.66999816894531,49.66999816894531,2133200
2020-10-30,49.40999984741211,49.95000076293945,47.970001220703125,48.79999923706055,48.79999923706055,1978000
2020-11-02,49.38999938964844,50.47999954223633,48.56999969482422,50.22999954223633,50.22999954223633,1709500
2020-11-03,51.11000061035156,53.970001220703125,50.880001068115234,53.34000015258789,53.34000015258789,2917400
2020-11-04,53.0,55.9900016784668,52.45000076293945,54.72999954223633,54.72999954223633,2763900
2020-11-05,55.33000183105469,56.7599983215332,54.880001068115234,56.43000030517578,56.43000030517578,1975600
2020-11-06,55.9900016784668,56.54999923706055,53.150001525878906,56.040000915527344,56.040000915527344,2995800
2020-11-09,67.4000015258789,72.72000122070312,64.16999816894531,64.36000061035156,64.36000061035156,14776500
2020-11-10,62.75,65.51000213623047,62.4900016784668,65.26000213623047,65.26000213623047,5791100
2020-11-11,65.30999755859375,65.61000061035156,62.709999084472656,63.689998626708984,63.689998626708984,3643100
2020-11-12,62.869998931884766,63.36000061035156,61.5,62.2400016784668,62.2400016784668,3106900
2020-11-13,62.83000183105469,66.44999694824219,62.75,66.08000183105469,66.08000183105469,4079400
2020-11-16,68.86000061035156,69.54000091552734,66.16000366210938,68.31999969482422,68.31999969482422,5280500
2020-11-17,66.93000030517578,69.05000305175781,66.80999755859375,68.77999877929688,68.77999877929688,3470600
2020-11-18,69.4000015258789,71.0199966430664,67.01000213623047,67.08999633789062,67.08999633789062,4362900
2020-11-19,66.8499984741211,68.45999908447266,66.48999786376953,66.91000366210938,66.91000366210938,1589900
2020-11-20,66.66000366210938,67.02999877929688,65.0,66.30999755859375,66.30999755859375,2082500
2020-11-23,67.26000213623047,68.86000061035156,66.75,68.30000305175781,68.30000305175781,2105900
2020-11-24,69.80000305175781,70.52999877929688,68.83000183105469,69.30999755859375,69.30999755859375,2555000
2020-11-25,69.08999633789062,69.08999633789062,67.2300033569336,68.29000091552734,68.29000091552734,1219200
2020-11-27,68.43000030517578,68.80999755859375,67.04000091552734,67.2300033569336,67.2300033569336,808800
2020-11-30,66.73999786376953,67.25,64.91999816894531,65.6500015258789,65.6500015258789,2262300
2020-12-01,66.55999755859375,69.33000183105469,66.25,68.11000061035156,68.11000061035156,2794400
2020-12-02,67.6500015258789,70.38999938964844,66.87000274658203,69.9000015258789,69.9000015258789,2646500
2020-12-03,70.44000244140625,70.83000183105469,68.70999908447266,69.22000122070312,69.22000122070312,1891200
2020-12-04,69.62000274658203,70.22000122070312,69.51000213623047,70.0,70.0,2250400
2020-12-07,69.5,70.12999725341797,68.5,69.93000030517578,69.93000030517578,2155100
2020-12-08,69.5999984741211,70.61000061035156,68.94999694824219,69.88999938964844,69.88999938964844,2525700
2020-12-09,71.11000061035156,71.3499984741211,68.61000061035156,70.26000213623047,70.26000213623047,1985300
2020-12-10,69.54000091552734,72.43000030517578,69.4000015258789,72.33000183105469,72.33000183105469,2295100
2020-12-11,71.23999786376953,71.95999908447266,69.68000030517578,70.93000030517578,70.93000030517578,2605400
2020-12-14,71.9000015258789,74.25,70.2699966430664,70.3499984741211,70.3499984741211,2534700
2020-12-15,70.47000122070312,73.72000122070312,70.37999725341797,73.16999816894531,73.16999816894531,3226900
2020-12-16,73.05000305175781,73.62999725341797,72.18000030517578,72.9800033569336,72.9800033569336,1717000
2020-12-17,73.23999786376953,74.29000091552734,72.51000213623047,73.9800033569336,73.9800033569336,1799900
2020-12-18,74.12000274658203,74.44999694824219,73.11000061035156,73.43000030517578,73.43000030517578,4166300
2020-12-21,70.9000015258789,73.08000183105469,70.31999969482422,72.18000030517578,72.18000030517578,2453200
2020-12-22,72.38999938964844,72.62999725341797,71.26000213623047,72.01000213623047,72.01000213623047,1847500
2020-12-23,72.0199966430664,73.05999755859375,71.58000183105469,71.62999725341797,71.62999725341797,1845500
2020-12-24,71.93000030517578,72.04000091552734,71.3499984741211,71.63999938964844,71.63999938964844,381800
2020-12-28,71.77999877929688,75.56999969482422,71.7300033569336,74.68000030517578,74.68000030517578,2305000
2020-12-29,75.0,75.33999633789062,74.18000030517578,74.51000213623047,74.51000213623047,1921700
2020-12-30,74.25,75.08999633789062,74.25,74.56999969482422,74.56999969482422,1233000
2020-12-31,74.37000274658203,74.8499984741211,73.1500015258789,73.4800033569336,73.4800033569336,1117500
2021-01-04,73.37000274658203,73.79000091552734,69.94999694824219,70.66999816894531,70.66999816894531,2355000
2021-01-05,70.25,73.11000061035156,70.25,72.0,72.0,1642000
2021-01-06,72.72000122070312,74.48999786376953,71.72000122070312,72.62000274658203,72.62000274658203,2630700
2021-01-07,72.91000366210938,74.48999786376953,72.19000244140625,73.01000213623047,73.01000213623047,1355300
2021-01-08,73.20999908447266,74.05999755859375,72.6500015258789,73.45999908447266,73.45999908447266,2259300
2021-01-11,72.4800033569336,74.0,71.52999877929688,72.23999786376953,72.23999786376953,2328200
2021-01-12,72.4000015258789,73.58999633789062,71.72000122070312,73.37000274658203,73.37000274658203,1864200
2021-01-13,73.45999908447266,74.41999816894531,73.05000305175781,73.31999969482422,73.31999969482422,2163200
2021-01-14,73.81999969482422,75.16000366210938,73.25,73.33000183105469,73.33000183105469,2119200
2021-01-15,72.88999938964844,72.93000030517578,70.83000183105469,71.56999969482422,71.56999969482422,1738700
2021-01-19,70.87000274658203,78.0,70.37999725341797,76.54000091552734,76.54000091552734,6217700
2021-01-20,76.52999877929688,77.05000305175781,73.66999816894531,73.7300033569336,73.7300033569336,3201000
2021-01-21,73.75,74.73999786376953,73.05000305175781,74.58999633789062,74.58999633789062,1725600
2021-01-22,73.5,74.33999633789062,72.0199966430664,72.27999877929688,72.27999877929688,2667800
2021-01-25,71.69000244140625,71.98999786376953,68.37999725341797,69.20999908447266,69.20999908447266,3563600
2021-01-26,69.87000274658203,70.19999694824219,67.52999877929688,68.69999694824219,68.69999694824219,2501000
2021-01-27,67.5999984741211,70.0199966430664,66.36000061035156,68.5199966430664,68.5199966430664,2795700
2021-01-28,70.0,70.55999755859375,68.04000091552734,69.18000030517578,69.18000030517578,2215300
2021-01-29,68.62000274658203,68.88999938964844,65.87999725341797,66.44999694824219,66.44999694824219,2924600
2021-02-01,67.38999938964844,68.19000244140625,66.25,67.55999755859375,67.55999755859375,2350800
2021-02-02,68.9000015258789,71.94000244140625,68.62999725341797,70.37999725341797,70.37999725341797,3246300
2021-02-03,70.86000061035156,71.91000366210938,70.61000061035156,71.44000244140625,71.44000244140625,1121600
2021-02-04,72.19999694824219,75.70999908447266,71.87999725341797,75.0199966430664,75.0199966430664,2816200
2021-02-05,75.16000366210938,75.43000030517578,73.66000366210938,74.33999633789062,74.33999633789062,2043200
2021-02-08,75.0,76.76000213623047,74.31999969482422,76.38999938964844,76.38999938964844,1435800
2021-02-09,76.31999969482422,78.33000183105469,75.31999969482422,77.5199966430664,77.5199966430664,1834000
2021-02-10,77.81999969482422,80.80999755859375,76.69999694824219,79.62999725341797,79.62999725341797,2910600
2021-02-11,80.16999816894531,83.08000183105469,79.37000274658203,81.04000091552734,81.04000091552734,3470200
2021-02-12,81.02999877929688,84.20999908447266,80.87000274658203,84.16999816894531,84.16999816894531,4125700
2021-02-16,85.01000213623047,86.72000122070312,83.80999755859375,85.01000213623047,85.01000213623047,3511700
2021-02-17,84.58999633789062,85.4800033569336,83.1500015258789,84.86000061035156,84.86000061035156,2171100
2021-02-18,84.79000091552734,84.79000091552734,83.3499984741211,84.44999694824219,84.44999694824219,1748100
2021-02-19,84.8499984741211,88.69000244140625,84.75,88.08999633789062,88.08999633789062,2418800
2021-02-22,87.88999938964844,91.37999725341797,87.19999694824219,88.8499984741211,88.8499984741211,3669800
2021-02-23,89.23999786376953,90.45999908447266,86.18000030517578,90.33000183105469,90.33000183105469,4952900
2021-02-24,89.88999938964844,92.87000274658203,89.41999816894531,90.48999786376953,90.48999786376953,2753200
2021-02-25,91.06999969482422,91.18000030517578,85.66000366210938,87.22000122070312,87.22000122070312,3255300
2021-02-26,88.81999969482422,91.02999877929688,85.25,88.86000061035156,88.86000061035156,2507000
2021-03-01,91.0999984741211,94.25,90.79000091552734,92.86000061035156,92.86000061035156,2195400
2021-03-02,92.08999633789062,92.79000091552734,89.83999633789062,90.56999969482422,90.56999969482422,1900600
2021-03-03,89.1500015258789,94.62999725341797,88.80999755859375,91.75,91.75,2723900
2021-03-04,91.80000305175781,93.7300033569336,88.70999908447266,91.13999938964844,91.13999938964844,3187100
2021-03-05,91.79000091552734,91.97000122070312,86.4000015258789,89.80999755859375,89.80999755859375,2920100
2021-03-08,91.5,91.83000183105469,88.76000213623047,89.4000015258789,89.4000015258789,1680100
2021-03-09,90.13999938964844,90.33999633789062,87.23999786376953,87.26000213623047,87.26000213623047,2057700
2021-03-10,88.02999877929688,89.37999725341797,87.48999786376953,88.16999816894531,88.16999816894531,1934000
2021-03-11,89.30000305175781,89.30000305175781,87.79000091552734,88.77999877929688,88.77999877929688,1177700
2021-03-12,88.31999969482422,89.05000305175781,86.76000213623047,87.87999725341797,87.87999725341797,2036300
2021-03-15,88.0199966430664,90.36000061035156,87.75,90.16000366210938,90.16000366210938,2123500
2021-03-16,90.22000122070312,90.2300033569336,86.2699966430664,88.01000213623047,88.01000213623047,1828100
2021-03-17,87.12999725341797,87.73999786376953,85.66999816894531,86.69000244140625,86.69000244140625,1711800
2021-03-18,86.36000061035156,89.94000244140625,84.76000213623047,87.88999938964844,87.88999938964844,4213900
2021-03-19,87.45999908447266,87.76000213623047,84.37000274658203,84.68000030517578,84.68000030517578,2781300
2021-03-22,84.68000030517578,85.94000244140625,83.66000366210938,84.27999877929688,84.27999877929688,1927400
2021-03-23,83.83000183105469,83.83000183105469,81.12999725341797,81.63999938964844,81.63999938964844,2014000
2021-03-24,82.16000366210938,83.9000015258789,81.52999877929688,81.55000305175781,81.55000305175781,1526700
2021-03-25,80.38999938964844,84.30999755859375,79.1500015258789,83.81999969482422,83.81999969482422,2207200
2021-03-26,84.13999938964844,86.3499984741211,82.45999908447266,84.04000091552734,84.04000091552734,3212800
2021-03-29,83.41000366210938,83.94999694824219,81.41999816894531,81.75,81.75,1553600
2021-03-30,81.91999816894531,84.05999755859375,80.81999969482422,83.48999786376953,83.48999786376953,1342500
2021-03-31,84.0199966430664,85.22000122070312,83.68000030517578,84.6500015258789,84.6500015258789,1976000
2021-04-01,85.5,88.1500015258789,84.97000122070312,88.06999969482422,88.06999969482422,2002400
2021-04-05,89.2699966430664,89.44000244140625,87.0999984741211,87.55000305175781,87.55000305175781,1653200
2021-04-06,87.62000274658203,89.4000015258789,87.4800033569336,88.93000030517578,88.93000030517578,1807800
2021-04-07,88.87999725341797,88.87999725341797,86.58000183105469,86.68000030517578,86.68000030517578,1283300
2021-04-08,86.66000366210938,87.11000061035156,85.77999877929688,87.0,87.0,1288200
2021-04-09,87.18000030517578,87.36000061035156,85.13999938964844,86.0,86.0,1452600
2021-04-12,85.76000213623047,85.9800033569336,84.02999877929688,84.87999725341797,84.87999725341797,1333600
2021-04-13,84.0999984741211,84.12000274658203,81.91999816894531,82.66999816894531,82.66999816894531,3035400
2021-04-14,83.05000305175781,84.6500015258789,81.75,82.05000305175781,82.05000305175781,2379200
2021-04-15,82.58999633789062,83.02999877929688,80.18000030517578,80.25,80.25,2332300
2021-04-16,80.62999725341797,81.72000122070312,80.51000213623047,80.98999786376953,80.98999786376953,1905500
2021-04-19,80.9800033569336,82.44000244140625,80.44000244140625,81.58000183105469,81.58000183105469,2980900
2021-04-20,80.98999786376953,81.30999755859375,77.7300033569336,78.44999694824219,78.44999694824219,2466800
2021-04-21,78.06999969482422,81.33000183105469,77.44000244140625,81.27999877929688,81.27999877929688,2571200
2021-04-22,81.5199966430664,81.88999938964844,79.9000015258789,80.9800033569336,80.9800033569336,3544900
2021-04-23,81.79000091552734,82.16999816894531,81.13999938964844,81.77999877929688,81.77999877929688,1315100
2021-04-26,82.41000366210938,83.29000091552734,82.05000305175781,82.62000274658203,82.62000274658203,1027000
2021-04-27,83.02999877929688,83.37000274658203,82.05999755859375,82.27999877929688,82.27999877929688,923000
2021-04-28,82.4000015258789,83.5,82.22000122070312,82.41999816894531,82.41999816894531,899700
2021-04-29,83.0199966430664,83.87999725341797,81.80000305175781,82.61000061035156,82.61000061035156,822500
2021-04-30,82.0199966430664,82.80999755859375,81.55999755859375,81.87999725341797,81.87999725341797,943200
2021-05-03,82.63999938964844,82.97000122070312,81.55000305175781,82.1500015258789,82.1500015258789,942200
2021-05-04,81.70999908447266,82.08999633789062,78.45999908447266,79.27999877929688,79.27999877929688,1587600
2021-05-05,79.58999633789062,79.75,78.69999694824219,78.7699966430664,78.7699966430664,1591700
2021-05-06,78.98999786376953,79.56999969482422,74.91000366210938,75.12000274658203,75.12000274658203,4018800
2021-05-07,74.36000061035156,80.37000274658203,74.01000213623047,79.95999908447266,79.95999908447266,2994600
2021-05-10,82.11000061035156,85.33999633789062,80.52999877929688,83.05999755859375,83.05999755859375,3858400
2021-05-11,81.19999694824219,82.55999755859375,79.9000015258789,81.94999694824219,81.94999694824219,2901700
2021-05-12,82.36000061035156,82.52999877929688,77.81999969482422,77.91000366210938,77.91000366210938,2493100
2021-05-13,78.18000030517578,81.55000305175781,78.18000030517578,81.2300033569336,81.2300033569336,2470000
2021-05-14,82.58999633789062,85.87000274658203,82.3499984741211,85.80000305175781,85.80000305175781,3493100
2021-05-17,85.22000122070312,86.5,83.11000061035156,84.5199966430664,84.5199966430664,2570500
2021-05-18,84.77999877929688,88.77999877929688,84.63999938964844,87.08999633789062,87.08999633789062,5445300
2021-05-19,85.18000030517578,87.38999938964844,84.25,87.30000305175781,87.30000305175781,2786000
2021-05-20,87.63999938964844,89.69000244140625,87.0999984741211,88.37000274658203,88.37000274658203,2616300
2021-05-21,89.45999908447266,89.66000366210938,87.91000366210938,89.26000213623047,89.26000213623047,2498400
2021-05-24,89.66000366210938,92.0199966430664,88.33000183105469,91.72000122070312,91.72000122070312,2272200
2021-05-25,93.0199966430664,93.06999969482422,89.27999877929688,90.37000274658203,90.37000274658203,3173600
2021-05-26,90.9000015258789,91.4000015258789,89.9000015258789,90.30000305175781,90.30000305175781,1265500
2021-05-27,90.77999877929688,91.0,88.87999725341797,90.5199966430664,90.5199966430664,1973700
2021-05-28,91.18000030517578,91.5,89.94000244140625,90.11000061035156,90.11000061035156,1086200
2021-06-01,91.0999984741211,92.12000274658203,90.27999877929688,91.97000122070312,91.97000122070312,1545800
2021-06-02,91.93000030517578,92.43000030517578,90.31999969482422,90.91000366210938,90.91000366210938,2211300
2021-06-03,90.19000244140625,91.11000061035156,88.77999877929688,90.02999877929688,90.02999877929688,1820600
2021-06-04,90.45999908447266,91.05000305175781,89.05999755859375,89.23999786376953,89.23999786376953,1205000
2021-06-07,89.41000366210938,90.9800033569336,89.19000244140625,89.69999694824219,89.69999694824219,1236800
2021-06-08,89.94999694824219,89.97000122070312,87.91000366210938,89.29000091552734,89.29000091552734,1399600
2021-06-09,89.44999694824219,89.44999694824219,88.08999633789062,88.16999816894531,88.16999816894531,1081800
2021-06-10,88.41000366210938,88.7300033569336,85.7300033569336,87.01000213623047,87.01000213623047,2099300
2021-06-11,87.29000091552734,88.06999969482422,87.0,87.45999908447266,87.45999908447266,1243600
2021-06-14,87.30999755859375,87.83000183105469,85.7699966430664,86.4000015258789,86.4000015258789,1186100
2021-06-15,86.87999725341797,87.4800033569336,85.5,85.95999908447266,85.95999908447266,1348500
2021-06-16,86.01000213623047,87.44999694824219,85.73999786376953,87.22000122070312,87.22000122070312,1003700
2021-06-17,86.94000244140625,87.69000244140625,84.73999786376953,85.36000061035156,85.36000061035156,1318600
2021-06-18,84.19000244140625,85.8499984741211,83.55000305175781,85.66000366210938,85.66000366210938,2031300
2021-06-21,86.80000305175781,89.1500015258789,85.91999816894531,89.05999755859375,89.05999755859375,1532200
2021-06-22,88.88999938964844,92.55000305175781,87.48999786376953,91.5199966430664,91.5199966430664,6012800
2021-06-23,91.48999786376953,94.0,91.22000122070312,91.94000244140625,91.94000244140625,2081000
2021-06-24,92.73999786376953,92.83000183105469,91.12999725341797,91.98999786376953,91.98999786376953,1508800
2021-06-25,92.0,93.37000274658203,91.61000061035156,92.5999984741211,92.5999984741211,3757100
2021-06-28,92.76000213623047,92.76000213623047,86.33999633789062,88.29000091552734,88.29000091552734,4105900
2021-06-29,88.29000091552734,89.75,87.37000274658203,88.4800033569336,88.4800033569336,1888100
2021-06-30,88.47000122070312,88.81999969482422,87.02999877929688,87.58999633789062,87.58999633789062,2689600
2021-07-01,88.27999877929688,89.2300033569336,88.0,88.58999633789062,88.58999633789062,1761300
2021-07-02,88.62000274658203,88.83000183105469,86.33999633789062,87.29000091552734,87.29000091552734,1729700
2021-07-06,87.98999786376953,87.98999786376953,84.2300033569336,84.94999694824219,84.94999694824219,2046800
2021-07-07,84.05000305175781,85.0,82.58999633789062,83.5999984741211,83.5999984741211,1655600
2021-07-08,81.80999755859375,83.12000274658203,81.2300033569336,82.0999984741211,82.0999984741211,1461700
2021-07-09,83.19999694824219,84.1500015258789,82.9000015258789,83.66000366210938,83.66000366210938,1623900
2021-07-12,82.98999786376953,84.72000122070312,82.25,84.38999938964844,84.38999938964844,1194600
2021-07-13,84.08999633789062,84.0999984741211,81.19000244140625,81.77999877929688,81.77999877929688,2055800
2021-07-14,81.93000030517578,82.3499984741211,80.5199966430664,80.94000244140625,80.94000244140625,1577700
2021-07-15,80.51000213623047,81.19000244140625,78.68000030517578,79.93000030517578,79.93000030517578,1935900
2021-07-16,82.8499984741211,82.93000030517578,77.91999816894531,78.52999877929688,78.52999877929688,2994400
2021-07-19,76.27999877929688,76.4800033569336,74.2300033569336,74.79000091552734,74.79000091552734,3774300
2021-07-20,75.41000366210938,77.5,74.5,76.98999786376953,76.98999786376953,3591500
2021-07-21,77.91999816894531,80.94000244140625,77.83000183105469,80.0,80.0,2456900
2021-07-22,79.69999694824219,80.16999816894531,78.30999755859375,78.80000305175781,78.80000305175781,1342900
2021-07-23,79.4800033569336,79.5199966430664,77.58999633789062,77.70999908447266,77.70999908447266,1434900
2021-07-26,77.72000122070312,82.26000213623047,77.70999908447266,82.18000030517578,82.18000030517578,2714000
2021-07-27,81.43000030517578,81.94999694824219,79.05999755859375,80.29000091552734,80.29000091552734,2267200
2021-07-28,81.56999969482422,81.80999755859375,78.94000244140625,80.20999908447266,80.20999908447266,1176800
2021-07-29,80.33000183105469,82.1500015258789,79.83000183105469,80.72000122070312,80.72000122070312,1519300
2021-07-30,80.05999755859375,81.95999908447266,78.62000274658203,78.88999938964844,78.88999938964844,1479700
2021-08-02,79.25,81.02999877929688,78.9000015258789,79.12000274658203,79.12000274658203,1533300
2021-08-03,79.4000015258789,79.63999938964844,76.30999755859375,78.33000183105469,78.33000183105469,3007300
2021-08-04,80.47000122070312,82.87999725341797,78.58000183105469,79.48999786376953,79.48999786376953,4145100
2021-08-05,79.37999725341797,84.77999877929688,79.37999725341797,84.76000213623047,84.76000213623047,2465600
2021-08-06,85.37999725341797,86.16000366210938,83.79000091552734,85.41000366210938,85.41000366210938,1937400
2021-08-09,84.58999633789062,84.94000244140625,82.54000091552734,83.30999755859375,83.30999755859375,1587300
2021-08-10,82.94999694824219,85.36000061035156,82.7300033569336,83.75,83.75,2204500
2021-08-11,82.75,84.20999908447266,81.72000122070312,83.7699966430664,83.7699966430664,1780700
2021-08-12,83.75,84.05000305175781,82.30000305175781,84.0199966430664,84.0199966430664,1505400
2021-08-13,84.08999633789062,84.33000183105469,81.5199966430664,81.58000183105469,81.58000183105469,1341100
2021-08-16,80.7699966430664,81.98999786376953,78.77999877929688,81.13999938964844,81.13999938964844,2067500
2021-08-17,80.08999633789062,80.83000183105469,78.45999908447266,80.55999755859375,80.55999755859375,2298500
2021-08-18,80.98999786376953,82.44999694824219,80.41000366210938,80.87000274658203,80.87000274658203,1313500
2021-08-19,79.86000061035156,80.45999908447266,78.13999938964844,79.5,79.5,2281400
2021-08-20,78.87000274658203,80.30000305175781,78.30999755859375,80.19999694824219,80.19999694824219,2114600
2021-08-23,81.08999633789062,83.68000030517578,80.6500015258789,83.44000244140625,83.44000244140625,2103800
2021-08-24,84.0999984741211,86.1500015258789,83.66000366210938,85.73999786376953,85.73999786376953,2814400
2021-08-25,85.94000244140625,87.68000030517578,85.54000091552734,85.88999938964844,85.88999938964844,1679300
2021-08-26,85.44000244140625,86.37000274658203,84.04000091552734,84.75,84.75,1890300
2021-08-27,85.0999984741211,87.30999755859375,85.0999984741211,86.9000015258789,86.9000015258789,1314800
2021-08-30,87.77999877929688,87.77999877929688,85.86000061035156,86.56999969482422,86.56999969482422,1346300
2021-08-31,86.16999816894531,86.97000122070312,85.36000061035156,86.69999694824219,86.69999694824219,2638400
2021-09-01,86.7699966430664,87.19999694824219,86.0,86.36000061035156,86.36000061035156,909100
2021-09-02,87.05000305175781,87.51000213623047,86.36000061035156,86.69000244140625,86.69000244140625,903600
2021-09-03,86.06999969482422,86.87000274658203,84.95999908447266,86.08000183105469,86.08000183105469,744400
2021-09-07,86.0,87.91999816894531,85.88999938964844,87.68000030517578,87.68000030517578,1200000
2021-09-08,87.56999969482422,88.86000061035156,86.12999725341797,86.69000244140625,86.69000244140625,951600
2021-09-09,85.63999938964844,87.61000061035156,84.80000305175781,86.37999725341797,86.37999725341797,1313200
2021-09-10,86.94000244140625,87.33000183105469,85.31999969482422,86.08000183105469,86.08000183105469,1448300
2021-09-13,88.0,89.80000305175781,86.51000213623047,89.11000061035156,89.11000061035156,2075000
2021-09-14,89.16999816894531,89.69000244140625,87.19999694824219,88.68000030517578,88.68000030517578,1877300
2021-09-15,87.0,87.27999877929688,84.37999725341797,86.54000091552734,86.54000091552734,4433500
2021-09-16,86.58999633789062,87.22000122070312,85.26000213623047,86.80999755859375,86.80999755859375,2225800
2021-09-17,86.8499984741211,88.3499984741211,86.25,86.83000183105469,86.83000183105469,3888200
2021-09-20,85.98999786376953,86.86000061035156,84.7300033569336,86.73999786376953,86.73999786376953,1427200
2021-09-21,87.83999633789062,88.29000091552734,84.51000213623047,85.22000122070312,85.22000122070312,2147300
2021-09-22,85.8499984741211,89.0,85.79000091552734,88.31999969482422,88.31999969482422,2020700
2021-09-23,89.19000244140625,92.05000305175781,88.91999816894531,91.58999633789062,91.58999633789062,2682100
2021-09-24,91.48999786376953,93.08999633789062,91.08999633789062,92.73999786376953,92.73999786376953,1582400
2021-09-27,93.0,96.5,93.0,93.63999938964844,93.63999938964844,2501300
2021-09-28,93.5199966430664,94.55999755859375,92.22000122070312,92.41999816894531,92.41999816894531,1488300
2021-09-29,92.66999816894531,93.26000213623047,90.94999694824219,91.41000366210938,91.41000366210938,2431000
2021-09-30,91.76000213623047,92.88999938964844,90.18000030517578,91.12999725341797,91.12999725341797,2014600
2021-10-01,92.51000213623047,99.08999633789062,92.30000305175781,98.7300033569336,98.7300033569336,4464300
2021-10-04,98.33999633789062,98.79000091552734,96.30000305175781,97.97000122070312,97.97000122070312,2274700
2021-10-05,98.5999984741211,100.2300033569336,97.80000305175781,99.83000183105469,99.83000183105469,2287200
2021-10-06,97.88999938964844,101.08999633789062,97.51000213623047,101.02999877929688,101.02999877929688,2090600
2021-10-07,101.29000091552734,102.23999786376953,98.63999938964844,98.97000122070312,98.97000122070312,1751600
2021-10-08,99.30000305175781,100.19999694824219,98.19000244140625,98.33999633789062,98.33999633789062,1177700
2021-10-11,98.87000274658203,99.20999908447266,97.48999786376953,98.04000091552734,98.04000091552734,1064400
2021-10-12,97.80999755859375,100.08000183105469,97.68000030517578,100.05999755859375,100.05999755859375,1604100
2021-10-13,100.16000366210938,100.51000213623047,98.97000122070312,99.62000274658203,99.62000274658203,1976900
2021-10-14,100.52999877929688,100.66000366210938,98.97000122070312,100.41000366210938,100.41000366210938,1354600
2021-10-15,101.23999786376953,102.8499984741211,100.44999694824219,101.56999969482422,101.56999969482422,1447900
2021-10-18,100.80000305175781,102.62999725341797,100.19999694824219,102.41000366210938,102.41000366210938,1560800
2021-10-19,102.6500015258789,102.81999969482422,99.95999908447266,100.01000213623047,100.01000213623047,2276600
2021-10-20,99.48999786376953,100.36000061035156,98.12000274658203,100.26000213623047,100.26000213623047,1019900
2021-10-21,100.19000244140625,101.19999694824219,99.97000122070312,100.56999969482422,100.56999969482422,813300
2021-10-22,100.4000015258789,101.38999938964844,99.68000030517578,100.75,100.75,884200
2021-10-25,100.62999725341797,101.58000183105469,100.04000091552734,100.5199966430664,100.5199966430664,1202200
2021-10-26,101.0,101.55000305175781,99.93000030517578,101.08999633789062,101.08999633789062,886700
2021-10-27,101.08999633789062,102.0999984741211,100.31999969482422,100.61000061035156,100.61000061035156,2055900
2021-10-28,100.33999633789062,101.02999877929688,98.75,100.44000244140625,100.44000244140625,2582500
2021-10-29,100.05000305175781,101.45999908447266,99.62000274658203,101.1500015258789,101.1500015258789,1175100
2021-11-01,101.8499984741211,104.61000061035156,101.69999694824219,104.04000091552734,104.04000091552734,1567200
2021-11-02,104.36000061035156,107.05000305175781,104.04000091552734,106.77999877929688,106.77999877929688,2364300
2021-11-03,106.33999633789062,106.76000213623047,104.44999694824219,105.27999877929688,105.27999877929688,1634900
2021-11-04,105.56999969482422,107.52999877929688,104.68000030517578,107.5199966430664,107.5199966430664,1958400
2021-11-05,118.62999725341797,127.75,115.5,123.80000305175781,123.80000305175781,8015300
2021-11-08,118.81999969482422,120.33999633789062,113.62000274658203,117.13999938964844,117.13999938964844,5805200
2021-11-09,116.80999755859375,117.0,114.02999877929688,116.61000061035156,116.61000061035156,3005800
2021-11-10,116.0,117.7300033569336,113.94999694824219,115.01000213623047,115.01000213623047,3102800
2021-11-11,115.26000213623047,115.87000274658203,113.19999694824219,114.26000213623047,114.26000213623047,1648300
2021-11-12,114.37000274658203,114.52999877929688,111.70999908447266,112.31999969482422,112.31999969482422,2739400
2021-11-15,113.06999969482422,116.79000091552734,112.69999694824219,115.94000244140625,115.94000244140625,1721400
2021-11-16,114.44999694824219,116.04000091552734,112.12000274658203,115.70999908447266,115.70999908447266,1672100
2021-11-17,115.37000274658203,116.6500015258789,113.83000183105469,115.0999984741211,115.0999984741211,2356900
2021-11-18,114.91000366210938,115.4800033569336,111.93000030517578,112.95999908447266,112.95999908447266,2423500
2021-11-19,111.5999984741211,112.98999786376953,109.05000305175781,112.54000091552734,112.54000091552734,3099600
2021-11-22,113.87999725341797,116.69999694824219,112.05999755859375,112.11000061035156,112.11000061035156,3112300
2021-11-23,112.83000183105469,113.62999725341797,110.55999755859375,112.73999786376953,112.73999786376953,1451100
2021-11-24,111.56999969482422,113.52999877929688,110.8499984741211,112.61000061035156,112.61000061035156,1393300
2021-11-26,103.79000091552734,105.05000305175781,98.5,103.52999877929688,103.52999877929688,4582100
2021-11-29,106.19000244140625,109.62000274658203,104.80999755859375,107.8499984741211,107.8499984741211,2855700
2021-11-30,106.69999694824219,107.7300033569336,104.25,106.6500015258789,106.6500015258789,3134300
2021-12-01,109.76000213623047,109.94999694824219,102.33000183105469,102.83000183105469,102.83000183105469,3038000
2021-12-02,104.13999938964844,107.27999877929688,103.29000091552734,106.30999755859375,106.30999755859375,2713100
2021-12-03,106.55999755859375,106.55999755859375,99.16000366210938,100.93000030517578,100.93000030517578,3765400
2021-12-06,102.0,109.41999816894531,101.8499984741211,107.11000061035156,107.11000061035156,2886500
2021-12-07,109.61000061035156,110.66999816894531,107.55000305175781,108.62999725341797,108.62999725341797,1824100
2021-12-08,109.08000183105469,113.47000122070312,109.08000183105469,110.4800033569336,110.4800033569336,2180800
2021-12-09,109.05000305175781,113.23999786376953,108.94999694824219,110.7300033569336,110.7300033569336,1854100
2021-12-10,111.26000213623047,112.9000015258789,110.16999816894531,111.87000274658203,111.87000274658203,1513700
2021-12-13,110.97000122070312,111.98999786376953,106.62000274658203,108.5999984741211,108.5999984741211,2276400
2021-12-14,107.1500015258789,110.72000122070312,106.80999755859375,108.19000244140625,108.19000244140625,1500000
2021-12-15,108.37000274658203,108.68000030517578,103.20999908447266,106.41999816894531,106.41999816894531,2574100
2021-12-16,106.72000122070312,107.80000305175781,100.19000244140625,101.4000015258789,101.4000015258789,3601100
2021-12-17,101.79000091552734,105.95999908447266,100.81999969482422,105.13999938964844,105.13999938964844,3833000
2021-12-20,100.79000091552734,106.94999694824219,100.41000366210938,106.87000274658203,106.87000274658203,2833400
2021-12-21,108.20999908447266,114.95999908447266,108.20999908447266,114.22000122070312,114.22000122070312,2725600
2021-12-22,113.9800033569336,119.2699966430664,113.73999786376953,116.91999816894531,116.91999816894531,3329400
2021-12-23,118.0,119.1500015258789,116.45999908447266,118.54000091552734,118.54000091552734,1799800
2021-12-27,118.87999725341797,120.25,117.44999694824219,120.19000244140625,120.19000244140625,1452300
2021-12-28,119.66000366210938,121.2300033569336,118.51000213623047,120.08999633789062,120.08999633789062,1546300
2021-12-29,120.25,121.55999755859375,118.62999725341797,119.83000183105469,119.83000183105469,1457300
2021-12-30,120.11000061035156,122.5,119.66000366210938,119.70999908447266,119.70999908447266,1290000
2021-12-31,119.2699966430664,120.77999877929688,118.58000183105469,119.69000244140625,119.69000244140625,1488200
2022-01-03,120.58999633789062,123.48999786376953,120.58999633789062,121.13999938964844,121.13999938964844,2165500
2022-01-04,123.41000366210938,125.72000122070312,120.08999633789062,120.72000122070312,120.72000122070312,2409900
2022-01-05,121.93000030517578,123.63999938964844,117.3499984741211,117.47000122070312,117.47000122070312,2397600
2022-01-06,118.13999938964844,121.1500015258789,116.19999694824219,119.33999633789062,119.33999633789062,1906600
2022-01-07,119.80000305175781,120.41000366210938,115.80999755859375,115.86000061035156,115.86000061035156,1957100
2022-01-10,115.80000305175781,116.55999755859375,109.81999969482422,115.31999969482422,115.31999969482422,3198200
2022-01-11,115.0199966430664,116.80999755859375,113.06999969482422,116.0,116.0,1718900
2022-01-12,116.63999938964844,117.66999816894531,113.98999786376953,114.0,114.0,2593600
2022-01-13,115.29000091552734,116.62999725341797,113.19999694824219,113.87000274658203,113.87000274658203,1710400
2022-01-14,113.98999786376953,114.9800033569336,112.2300033569336,114.80999755859375,114.80999755859375,1349100
2022-01-18,114.16999816894531,116.5999984741211,113.25,115.20999908447266,115.20999908447266,2450200
2022-01-19,114.88999938964844,116.27999877929688,112.12999725341797,113.27999877929688,113.27999877929688,1636300
2022-01-20,113.44999694824219,116.87000274658203,112.12999725341797,112.44000244140625,112.44000244140625,1558900
2022-01-21,112.30999755859375,113.18000030517578,109.30999755859375,109.73999786376953,109.73999786376953,2195300
2022-01-24,107.01000213623047,108.91000366210938,100.72000122070312,108.81999969482422,108.81999969482422,4280400
2022-01-25,106.2699966430664,107.30000305175781,103.68000030517578,106.12000274658203,106.12000274658203,2698600
2022-01-26,107.13999938964844,108.69999694824219,103.83999633789062,104.7300033569336,104.7300033569336,2347800
2022-01-27,106.37000274658203,107.58000183105469,101.43000030517578,101.63999938964844,101.63999938964844,2034100
2022-01-28,101.5999984741211,105.44000244140625,99.76000213623047,105.2699966430664,105.2699966430664,2062600
2022-01-31,105.01000213623047,109.62000274658203,105.0,109.51000213623047,109.51000213623047,2028500
2022-02-01,110.12000274658203,112.54000091552734,108.95999908447266,111.08999633789062,111.08999633789062,1874900
2022-02-02,110.66999816894531,110.80000305175781,107.61000061035156,109.44999694824219,109.44999694824219,1534300
2022-02-03,107.87000274658203,108.93000030517578,105.76000213623047,105.83999633789062,105.83999633789062,2440200
2022-02-04,105.55999755859375,109.25,104.7300033569336,108.36000061035156,108.36000061035156,1380100
2022-02-07,108.61000061035156,111.5199966430664,108.61000061035156,111.0199966430664,111.0199966430664,1489500
2022-02-08,111.9000015258789,116.81999969482422,111.0,116.58999633789062,116.58999633789062,1941200
2022-02-09,117.43000030517578,118.83999633789062,116.72000122070312,118.0199966430664,118.0199966430664,1617800
2022-02-10,117.05000305175781,121.12000274658203,116.5999984741211,118.93000030517578,118.93000030517578,1365300
2022-02-11,118.73999786376953,119.83000183105469,114.5999984741211,115.75,115.75,1453200
2022-02-14,116.12999725341797,117.31999969482422,114.0199966430664,115.2699966430664,115.2699966430664,3392300
2022-02-15,117.1500015258789,120.51000213623047,116.9000015258789,119.75,119.75,3857200
2022-02-16,119.0,120.58999633789062,116.58000183105469,120.25,120.25,3250000
2022-02-17,119.44000244140625,121.33000183105469,116.27999877929688,116.4800033569336,116.4800033569336,2439800
2022-02-18,116.37000274658203,118.0999984741211,114.26000213623047,117.44000244140625,117.44000244140625,2437600
2022-02-22,117.7300033569336,119.6500015258789,115.27999877929688,117.05000305175781,117.05000305175781,3382600
2022-02-23,118.01000213623047,120.02999877929688,113.27999877929688,113.4000015258789,113.4000015258789,3730600
2022-02-24,111.36000061035156,126.23999786376953,111.36000061035156,124.38999938964844,124.38999938964844,6427800
2022-02-25,125.26000213623047,126.79000091552734,121.2300033569336,126.04000091552734,126.04000091552734,3431800
2022-02-28,125.30000305175781,125.91000366210938,119.80999755859375,120.81999969482422,120.81999969482422,4457500
2022-03-01,122.0199966430664,122.0199966430664,114.79000091552734,116.69999694824219,116.69999694824219,3702800
2022-03-02,118.25,122.47000122070312,118.04000091552734,120.80999755859375,120.80999755859375,2468800
2022-03-03,121.54000091552734,122.70999908447266,115.51000213623047,116.2300033569336,116.2300033569336,2547300
2022-03-04,114.6500015258789,115.69999694824219,111.41999816894531,114.37999725341797,114.37999725341797,2931900
2022-03-07,114.61000061035156,114.87999725341797,99.86000061035156,100.30999755859375,100.30999755859375,5423600
2022-03-08,100.51000213623047,109.87000274658203,98.01000213623047,106.01000213623047,106.01000213623047,4466100
2022-03-09,109.80000305175781,113.19000244140625,109.36000061035156,109.9000015258789,109.9000015258789,3027100
2022-03-10,107.70999908447266,111.98999786376953,106.5999984741211,111.55999755859375,111.55999755859375,1790700
2022-03-11,113.9000015258789,114.02999877929688,108.47000122070312,108.55000305175781,108.55000305175781,2238300
2022-03-14,108.4800033569336,109.9000015258789,106.44999694824219,108.04000091552734,108.04000091552734,2136700
2022-03-15,108.7300033569336,111.94999694824219,108.5999984741211,111.76000213623047,111.76000213623047,1811700
2022-03-16,111.94999694824219,114.70999908447266,107.52999877929688,112.01000213623047,112.01000213623047,3255200
2022-03-17,110.72000122070312,112.08999633789062,107.41000366210938,111.16999816894531,111.16999816894531,2636600
2022-03-18,110.58999633789062,113.62000274658203,110.45999908447266,112.9800033569336,112.9800033569336,3015100
2022-03-21,112.72000122070312,114.0999984741211,109.55000305175781,113.93000030517578,113.93000030517578,2479200
2022-03-22,114.87999725341797,118.44000244140625,114.3499984741211,117.9800033569336,117.9800033569336,2004800
2022-03-23,116.97000122070312,117.94999694824219,114.5199966430664,115.2699966430664,115.2699966430664,1799400
2022-03-24,116.05999755859375,117.9000015258789,114.20999908447266,117.87999725341797,117.87999725341797,1852100
2022-03-25,118.0,119.0,114.77999877929688,116.30000305175781,116.30000305175781,1382100
2022-03-28,116.06999969482422,117.73999786376953,114.80999755859375,117.58000183105469,117.58000183105469,1626300
2022-03-29,119.5,121.27999877929688,117.0999984741211,119.5,119.5,1646500
2022-03-30,118.62000274658203,119.81999969482422,117.12999725341797,117.76000213623047,117.76000213623047,1387800
2022-03-31,118.12000274658203,119.83000183105469,116.8499984741211,117.63999938964844,117.63999938964844,1597400
2022-04-01,118.55999755859375,118.55999755859375,114.08000183105469,114.37000274658203,114.37000274658203,1730800
2022-04-04,113.86000061035156,116.86000061035156,113.41000366210938,116.16999816894531,116.16999816894531,1685500
2022-04-05,116.69999694824219,117.18000030517578,112.83000183105469,113.61000061035156,113.61000061035156,1455200
2022-04-06,111.91000366210938,112.1500015258789,108.13999938964844,109.58000183105469,109.58000183105469,2611600
2022-04-07,110.19000244140625,110.47000122070312,106.83999633789062,109.61000061035156,109.61000061035156,1450100
2022-04-08,109.31999969482422,110.0199966430664,107.43000030517578,107.87999725341797,107.87999725341797,995900
2022-04-11,107.29000091552734,109.93000030517578,106.58000183105469,107.87999725341797,107.87999725341797,1757600
2022-04-12,110.26000213623047,111.9800033569336,108.06999969482422,108.33999633789062,108.33999633789062,1413700
2022-04-13,109.12999725341797,113.38999938964844,108.5199966430664,112.95999908447266,112.95999908447266,2393200
2022-04-14,112.87999725341797,114.75,111.26000213623047,111.30999755859375,111.30999755859375,1175100
2022-04-18,111.0199966430664,111.30000305175781,108.23999786376953,109.23999786376953,109.23999786376953,1277000
2022-04-19,109.37000274658203,114.1500015258789,108.5,113.73999786376953,113.73999786376953,1740200
2022-04-20,112.36000061035156,114.38999938964844,111.75,112.19999694824219,112.19999694824219,1367600
2022-04-21,114.83999633789062,114.83999633789062,106.4000015258789,106.76000213623047,106.76000213623047,1886400
2022-04-22,106.33000183105469,108.0999984741211,105.27999877929688,105.91000366210938,105.91000366210938,1188600
2022-04-25,105.7300033569336,109.73999786376953,104.29000091552734,109.68000030517578,109.68000030517578,1619500
2022-04-26,109.69000244140625,110.77999877929688,107.56999969482422,107.61000061035156,107.61000061035156,1951000
2022-04-27,107.20999908447266,108.27999877929688,103.83000183105469,106.73999786376953,106.73999786376953,1585100
2022-04-28,107.45999908447266,108.76000213623047,104.43000030517578,107.91999816894531,107.91999816894531,1506300
2022-04-29,107.51000213623047,108.9000015258789,104.69000244140625,104.87999725341797,104.87999725341797,1389300
2022-05-02,105.33000183105469,105.5999984741211,101.69999694824219,104.83999633789062,104.83999633789062,1643700
2022-05-03,105.58999633789062,106.80999755859375,98.62000274658203,99.43000030517578,99.43000030517578,3433500
2022-05-04,99.43000030517578,99.91999816894531,92.7699966430664,99.37000274658203,99.37000274658203,4895700
2022-05-05,99.37000274658203,99.37000274658203,93.61000061035156,95.12999725341797,95.12999725341797,3385900
2022-05-06,95.5999984741211,96.87999725341797,85.93000030517578,92.51000213623047,92.51000213623047,5397700
2022-05-09,91.81999969482422,91.81999969482422,83.94999694824219,85.37000274658203,85.37000274658203,3802200
2022-05-10,88.33999633789062,90.54000091552734,85.44000244140625,88.13999938964844,88.13999938964844,3432800
2022-05-11,87.0,89.55000305175781,83.69000244140625,84.12999725341797,84.12999725341797,3013900
2022-05-12,84.12999725341797,87.12999725341797,81.68000030517578,87.08999633789062,87.08999633789062,4291700
2022-05-13,88.62000274658203,92.66000366210938,88.62000274658203,91.25,91.25,2997700
2022-05-16,91.08000183105469,92.11000061035156,86.9000015258789,86.97000122070312,86.97000122070312,1752900
2022-05-17,89.56999969482422,90.13999938964844,84.48999786376953,85.69000244140625,85.69000244140625,4623000
2022-05-18,84.87000274658203,86.97000122070312,83.87000274658203,85.38999938964844,85.38999938964844,2618100
2022-05-19,84.41999816894531,92.66000366210938,84.25,90.5,90.5,4097500
2022-05-20,90.37000274658203,92.27999877929688,86.0999984741211,89.27999877929688,89.27999877929688,2335500
2022-05-23,89.27999877929688,89.7300033569336,86.81999969482422,89.2300033569336,89.2300033569336,1726500
2022-05-24,87.52999877929688,87.91000366210938,83.94000244140625,84.44999694824219,84.44999694824219,1874600
2022-05-25,83.55000305175781,91.19000244140625,83.55000305175781,91.16000366210938,91.16000366210938,3885100
